{
	"model_name": "0.Baseline",
	"check_1_r": 11.4490048871021,
	"check_2_r": 1.6338020824320978,
	"check_3_r": 118263.65765372706,
	"check_4_c": 0.861895146312065,
	"check_5_c": 0.7717664972379902,
	"check_6_c": 0.6551185896443723
}
